lower,upper,DurCat,MDQ.prob.mcid,MDQ.prob.pain,NDI.prob.mcid,NDI.prob.pain,KOS.prob.mcid,KOS.prob.pain,LEFS.prob.mcid,LEFS.prob.pain,QDASH.prob.mcid,QDASH.prob.pain
Missing,Missing,Missing,0,0,0,0,0,0,0,0,0,0
0,30,"[0,30]",-0.372804,-0.405155,0,0,0,,-0.212764,0,-0.291319,-0.117131
31,90,"[31,90]",-0.309496,-0.313483,0.074097,0,0.232576,0.251096,0,0.258778,-0.285572,0
91,365,"[91,365]",0,0,0.277339,0.298835,0.394204,0.451095,0.342302,0.451428,0,0.151846
366,Infinity,"[366,Inf]",0.34067,0.317667,0.581832,0.63655,0.793213,0.56925,0.666731,0.642354,0.286961,0.309892