duration,DASH_functional,DASH_pain,KOS_functional,KOS_pain,LEFS_functional,LEFS_pain,MDQ_functional,MDQ_pain,NDI_functional,NDI_pain
1,0.0,0.0,0.0,0.0,0.0,0.0,0.0,0.0,0.0,0.0
2,-0.320541493289178,-0.291230307954978,-0.247626223409053,-0.068618244576246,-0.296260943224946,-0.3401682721512843,-0.0545587788556535,-0.123741058142102,-0.1380449217507676,-0.2139112965437643
3,-0.5018131911762358,-0.1329848048756031,0.0237880199016204,0.2637968045898728,-0.3003711120640139,-0.0544527921869555,-0.2597578944898225,-0.1378630857453121,-0.2864298503519218,-0.2684105158645273
4,-0.2965329027927463,-0.0700361445609496,0.0583953238801173,0.3571964917590441,-0.0567054438158068,0.3940393753213524,-0.0259305404383279,0.2690419958165866,-0.0022962684007007,0.0632007025446644
5,0.7914604855013057,0.7106906247355126,0.1639742770344182,0.543883168104033,0.5828603459549786,0.5736911505530325,0.5295445432665931,0.6500818314565016,0.2742909093992917,0.3444479091712459
6,0.5079639021417446,0.7445677513033809,0.3396800063555674,0.6253677689028875,0.6815943797750347,0.8621892177521262,0.6908532613232996,0.6654763240582939,0.637006452783644,0.5169946219231105
7,0.8016175942363707,0.8573401104211399,0.4908739808343594,0.711518186338863,0.807894538981118,0.9600402879385114,0.8604997467699701,0.8317851842590582,0.7195128116064355,0.7809630325393799
missing,0.9376282524701698,0.3061673409869544,0.1879471339320817,0.1557910679959384,0.4776017626820146,0.3609686126905826,0.4940698218616041,0.1795374289741109,0.2594098973233393,0.1387292422478468
