lower,upper,DurCat,ODI.prob.mcd,ODI.prob.pain,NECK.prob.mcd,NECK.prob.pain,KNEE.prob.mcd,KNEE.prob.pain,LEFS.prob.mcd,LEFS.prob.pain,DASH.prob.mcd,DASH.prob.pain
Missing,Missing,Missing,0.4940698219,0.179537429,0.2594098973,0.1387292422,0.1879471339,0.155791068,0.4776017627,0.3609686127,0.9376282525,0.306167341
0,7,"[0,7]",0,0,0,0,0,0,0,0,0,0
7.01,14,"(7,14]",-0.05455877886,-0.1237410581,-0.1380449218,-0.2139112965,-0.2476262234,-0.06861824458,-0.2962609432,-0.3401682722,-0.3205414933,-0.291230308
14.01,30,"(14,30]",-0.2597578945,-0.1378630857,-0.2864298504,-0.2684105159,0.0237880199,0.2637968046,-0.3003711121,-0.05445279219,-0.5018131912,-0.1329848049
30.01,90,"(30,90]",-0.02593054044,0.2690419958,-0.002296268401,0.06320070254,0.05839532388,0.3571964918,-0.05670544382,0.3940393753,-0.2965329028,-0.07003614456
90.01,108,"(90,108]",0.5295445433,0.6500818315,0.2742909094,0.3444479092,0.163974277,0.5438831681,0.582860346,0.5736911506,0.7914604855,0.7106906247
108.01,365,"(108,365]",0.6908532613,0.6654763241,0.6370064528,0.5169946219,0.3396800064,0.6253677689,0.6815943798,0.8621892178,0.5079639021,0.7445677513
365.01,Infinity,"(365,Inf]",0.8604997468,0.8317851843,0.7195128116,0.7809630325,0.4908739808,0.7115181863,0.807894539,0.9600402879,0.8016175942,0.8573401104