duration,DASH.prob.mcd,DASH.prob.pain,KNEE.prob.mcd,KNEE.prob.pain,LEFS.prob.mcd,LEFS.prob.pain,ODI.prob.mcd,ODI.prob.pain,NECK.prob.mcd,NECK.prob.pain
1,0,0,0,0,0,0,0,0,0,0
2,-0.320541493,-0.291230308,-0.247626223,-0.068618245,-0.296260943,-0.340168272,-0.054558779,-0.123741058,-0.138044922,-0.213911297
3,-0.501813191,-0.132984805,0.02378802,0.263796805,-0.300371112,-0.054452792,-0.259757894,-0.137863086,-0.28642985,-0.268410516
4,-0.296532903,-0.070036145,0.058395324,0.357196492,-0.056705444,0.394039375,-0.02593054,0.269041996,-0.002296268,0.063200703
5,0.791460486,0.710690625,0.163974277,0.543883168,0.582860346,0.573691151,0.529544543,0.650081831,0.274290909,0.344447909
6,0.507963902,0.744567751,0.339680006,0.625367769,0.68159438,0.862189218,0.690853261,0.665476324,0.637006453,0.516994622
7,0.801617594,0.85734011,0.490873981,0.711518186,0.807894539,0.960040288,0.860499747,0.831785184,0.719512812,0.780963033
missing,0.937628252,0.306167341,0.187947134,0.155791068,0.477601763,0.360968613,0.494069822,0.179537429,0.259409897,0.138729242