GENDER_DSC,ODI.prob.mcd,ODI.prob.pain,NECK.prob.mcd,NECK.prob.pain,KNEE.prob.mcd,KNEE.prob.pain,LEFS.prob.mcd,LEFS.prob.pain,DASH.prob.mcd,DASH.prob.pain
Female,0,0,0,0,0,0,0,0,0,0
Male,-0.09289299777,-0.009371068179,0.02816640404,0.02801091185,-0.09114720567,-0.08214619081,-0.006560205254,-0.003722867597,-0.06090366807,0.01961800726
Unknown,-0.2114595222,0.5843624791,-0.3268936215,-0.03616491307,-1.61662993,0.08973865154,-0.003245288322,0.02641058326,-1.175093988,-0.5905243494