gender,DASH_functional,DASH_pain,KOS_functional,KOS_pain,LEFS_functional,LEFS_pain,MDQ_functional,MDQ_pain,NDI_functional,NDI_pain
female,0.0,0.0,0.0,0.0,0.0,0.0,0.0,0.0,0.0,0.0
male,-0.0609036680673739,0.0196180072565097,-0.0911472056714507,-0.0821461908144064,-0.0065602052542322,-0.003722867596505,-0.0928929977686144,-0.009371068178844,0.0281664040393083,0.0280109118493453
unknown,-1.1750939876803588,-0.5905243493712033,-1.61662992970896,0.0897386515364417,-0.0032452883224368,0.0264105832593103,-0.2114595221769463,0.5843624791082003,-0.3268936215339571,-0.0361649130735406
