payer,DASH_functional,DASH_pain,KOS_functional,KOS_pain,LEFS_functional,LEFS_pain,MDQ_functional,MDQ_pain,NDI_functional,NDI_pain
auto,0.5543494971387148,0.2363378136244774,0.1549322186909404,0.6967889863904335,-0.4352851414316167,-0.0629728753490384,0.0082127541958129,-0.2019398660393406,-0.2007944389899318,-0.2421354118808141
commercial,0.6620413327069781,0.0546263806754268,-0.2718127273178878,-0.3413908043467712,0.0330151724008747,-0.0070724633326509,0.1469844786771528,-0.1445100644726333,-0.0620208168035771,-0.140691577683627
industrial,1.2254364635718296,0.522347260997678,0.4361825834988947,0.4432649496476967,0.3179811986973172,0.4461138234123013,0.4030305312609925,0.180160331308434,0.3056168177102208,0.0346956114510997
medicaid,1.209152552701212,0.6138328049722349,0.487722188371577,0.5166018069759485,0.6034311496920589,0.5343714967746586,0.6349215864103352,0.3842437161113238,0.3841345288748513,0.340896454125831
medicare,0.6479585771407438,0.0348494594217155,-0.4286535866524787,-0.4918080983814871,0.2148443450069821,0.0050667243715821,0.0877983948065078,-0.2666251109721497,-0.153133854918906,-0.1988640911824037
missing,0.0,0.0,0.0,0.0,0.0,0.0,0.0,0.0,0.0,0.0
self,0.7525729316533888,0.0482909011753988,0.1345803697841994,0.017045627774269,0.0987753631613313,-0.0136570350378759,0.2282904993418385,-0.22943274691566,-0.1249795589177914,-0.3187719529693144
