Payer Type,KOS PRO (IROMS 11),KOS PAIN NPRS (IROMS 12),LEFS PRO (IROMS 13),LEFT PAIN NPRS (IROMS 14),NDI PRO (IROMS 15),NDI PAIN NPRS (IROMS16),MDQ PRO (IROMS 17),MDQ PAIN NPRS (IROMS 18),DASH PRO (IROMS 19),DASH PAIN NPRS (IROMS 20)
Missing,0,0,0,0,0,0,0,0,0,0
Auto,0,0,0,0,0,0,0,0,0,0
Commercial,-0.0582244,-0.072899,-0.0331135,-0.0042826,-0.0943752,-0.0171273,0.00377276,0.06042799,-0.0612504,0.02529195
Industrial,0.296388424,0.302453958,0.73788926,0.465826224,0.453694292,0.387256787,0.469883678,0.401864601,0.37489854,0.402325284
Medicare,-0.512159443,-0.5148088,0.616744953,0.079772528,0.106183064,0.016351117,0.119294668,0.122252211,-0.200508994,-0.088032977
Medicaid,0.408548573,0.403064348,0.975160944,0.630154653,0.747463847,0.714774589,0.659508711,0.684015822,0.409410785,0.521499049
Self,-0.00259154,-0.081283705,0.473828104,0.064055646,0.301973016,0.056644841,0.080109104,0.033173572,-0.039442505,0.010018936
