payer,DASH.prob.mcd,DASH.prob.pain,KNEE.prob.mcd,KNEE.prob.pain,LEFS.prob.mcd,LEFS.prob.pain,ODI.prob.mcd,ODI.prob.pain,NECK.prob.mcd,NECK.prob.pain
auto,0.554349497,0.236337814,0.154932219,0.696788986,-0.435285141,-0.062972875,0.008212754,-0.201939866,-0.200794439,-0.242135412
commercial,0.662041333,0.054626381,-0.271812727,-0.341390804,0.033015172,-0.007072463,0.146984479,-0.144510064,-0.062020817,-0.140691578
industrial,1.225436464,0.522347261,0.436182583,0.44326495,0.317981199,0.446113823,0.403030531,0.180160331,0.305616818,0.034695611
medicaid,1.209152553,0.613832805,0.487722188,0.516601807,0.60343115,0.534371497,0.634921586,0.384243716,0.384134529,0.340896454
medicare,0.647958577,0.034849459,-0.428653587,-0.491808098,0.214844345,0.005066724,0.087798395,-0.266625111,-0.153133855,-0.198864091
missing,0,0,0,0,0,0,0,0,0,0
self,0.752572932,0.048290901,0.13458037,0.017045628,0.098775363,-0.013657035,0.228290499,-0.229432747,-0.124979559,-0.318771953