treatment,DASH_functional,DASH_pain,KOS_functional,KOS_pain,LEFS_functional,LEFS_pain,MDQ_functional,MDQ_pain,NDI_functional,NDI_pain
conservative,0.0,0.0,0.0,0.0,0.0,0.0,0.0,0.0,0.0,0.0
surgical,-0.1074864019206069,-0.2483070740777876,-0.3857388759459331,-0.4619714806865324,-0.2529645929352431,-0.1662465505242844,0.235306721146798,0.3449902784707269,0.363137931264285,0.390215681737859
