pyr2,ODI.prob.mcd,ODI.prob.pain,NECK.prob.mcd,NECK.prob.pain,KNEE.prob.mcd,KNEE.prob.pain,LEFS.prob.mcd,LEFS.prob.pain,DASH.prob.mcd,DASH.prob.pain
Missing,0,0,0,0,0,0,0,0,0,0
Auto,0,0,0,0,0,0,0,0,0,0
Comercial,0.20251017,0.22959582,0.19867546,0.1340383,-0.3547638,-0.3779262,0.4794358,0.09378184,-0.1551239,-0.0558477
Industrial,0.46988368,0.4018646,0.45369429,0.38725679,0.29638842,0.30245396,0.73788926,0.46582622,0.37489854,0.40232528
Medicaid,0.65950871,0.68401582,0.74746385,0.71477459,0.40854857,0.40306435,0.97516094,0.63015465,0.40941079,0.52149905
Medicare,0.11929467,0.12225221,0.10618306,0.01635112,-0.5121594,-0.5148088,0.61674495,0.07977253,-0.200509,-0.088033
Self,0.0801091,0.03317357,0.30197302,0.05664484,-0.0025915,-0.0812837,0.4738281,0.06405565,-0.0394425,0.01001894